geo,year,min_wage_eur,unemployment_rate,region
BE,2009,1388.0,8.0,Western Europe
BE,2010,1388.0,8.4,Western Europe
BE,2011,1415.0,7.2,Western Europe
BE,2012,1444.0,7.6,Western Europe
BE,2013,1502.0,8.6,Western Europe
BE,2014,1502.0,8.7,Western Europe
BE,2015,1502.0,8.7,Western Europe
BE,2016,1502.0,7.9,Western Europe
BE,2017,1532.0,7.2,Western Europe
BE,2018,1563.0,6.0,Western Europe
BE,2019,1594.0,5.5,Western Europe
BE,2020,1594.0,5.8,Western Europe
BE,2021,1626.0,6.3,Western Europe
BE,2022,1658.0,5.6,Western Europe
BE,2023,1955.0,5.5,Western Europe
BE,2024,1994.0,5.7,Western Europe
BE,2025,2070.0,6.2,Western Europe
BG,2009,123.0,7.9,Eastern Europe
BG,2010,123.0,11.3,Eastern Europe
BG,2011,123.0,12.3,Eastern Europe
BG,2012,138.0,13.3,Eastern Europe
BG,2013,159.0,13.9,Eastern Europe
BG,2014,174.0,12.4,Eastern Europe
BG,2015,184.0,10.1,Eastern Europe
BG,2016,215.0,8.6,Eastern Europe
BG,2017,235.0,7.2,Eastern Europe
BG,2018,261.0,6.2,Eastern Europe
BG,2019,286.0,5.2,Eastern Europe
BG,2020,312.0,6.1,Eastern Europe
BG,2021,332.0,5.2,Eastern Europe
BG,2022,332.0,4.2,Eastern Europe
BG,2023,399.0,4.3,Eastern Europe
BG,2024,477.0,4.2,Eastern Europe
BG,2025,551.0,3.5,Eastern Europe
CY,2023,940.0,5.8,Southern Europe
CY,2024,1000.0,4.9,Southern Europe
CY,2025,1000.0,4.4,Southern Europe
CZ,2009,11.272933610743333,6.7,Eastern Europe
CZ,2010,11.944312608764436,7.3,Eastern Europe
CZ,2011,12.972753151687678,6.7,Eastern Europe
CZ,2012,12.326533858205098,7.0,Eastern Europe
CZ,2013,12.240184757505773,7.0,Eastern Europe
CZ,2014,11.257989540964555,6.1,Eastern Europe
CZ,2015,12.170534110487921,5.1,Eastern Europe
CZ,2016,13.538507065177185,4.0,Eastern Europe
CZ,2017,15.460001519410469,2.9,Eastern Europe
CZ,2018,18.637657425819786,2.2,Eastern Europe
CZ,2019,20.218153486560187,2.0,Eastern Europe
CZ,2020,21.735021735021736,2.6,Eastern Europe
CZ,2021,22.581903276131044,2.8,Eastern Europe
CZ,2022,26.54074737441993,2.2,Eastern Europe
CZ,2023,29.870021663056157,2.6,Eastern Europe
CZ,2024,30.4140127388535,2.6,Eastern Europe
CZ,2025,33.457550226830854,2.8,Eastern Europe
DE,2015,1444.0,4.4,Western Europe
DE,2016,1444.0,3.9,Western Europe
DE,2017,1506.0,3.5,Western Europe
DE,2018,1506.0,3.2,Western Europe
DE,2019,1561.0,2.9,Western Europe
DE,2020,1544.0,3.6,Western Europe
DE,2021,1585.0,3.6,Western Europe
DE,2022,1634.0,3.1,Western Europe
DE,2023,1997.0,3.1,Western Europe
DE,2024,2054.0,3.4,Western Europe
DE,2025,2161.0,3.8,Western Europe
EE,2009,278.0,13.5,Northern Europe
EE,2010,278.0,16.6,Northern Europe
EE,2011,278.0,12.3,Northern Europe
EE,2012,290.0,9.9,Northern Europe
EE,2013,320.0,8.6,Northern Europe
EE,2014,355.0,7.3,Northern Europe
EE,2015,390.0,6.4,Northern Europe
EE,2016,430.0,6.8,Northern Europe
EE,2017,470.0,5.8,Northern Europe
EE,2018,500.0,5.4,Northern Europe
EE,2019,540.0,4.5,Northern Europe
EE,2020,584.0,6.9,Northern Europe
EE,2021,584.0,6.2,Northern Europe
EE,2022,654.0,5.6,Northern Europe
EE,2023,725.0,6.4,Northern Europe
EE,2024,820.0,7.6,Northern Europe
EE,2025,886.0,7.5,Northern Europe
EL,2009,818.0,9.8,Southern Europe
EL,2010,863.0,12.9,Southern Europe
EL,2011,863.0,18.1,Southern Europe
EL,2012,877.0,24.8,Southern Europe
EL,2013,684.0,27.8,Southern Europe
EL,2014,684.0,26.6,Southern Europe
EL,2015,684.0,25.0,Southern Europe
EL,2016,684.0,23.9,Southern Europe
EL,2017,684.0,21.8,Southern Europe
EL,2018,684.0,19.7,Southern Europe
EL,2019,684.0,17.9,Southern Europe
EL,2020,758.0,17.6,Southern Europe
EL,2021,758.0,14.7,Southern Europe
EL,2022,774.0,12.5,Southern Europe
EL,2023,832.0,11.1,Southern Europe
EL,2024,910.0,10.1,Southern Europe
EL,2025,968.0,8.9,Southern Europe
ES,2009,728.0,17.9,Southern Europe
ES,2010,739.0,19.9,Southern Europe
ES,2011,748.0,21.4,Southern Europe
ES,2012,748.0,24.8,Southern Europe
ES,2013,753.0,26.1,Southern Europe
ES,2014,753.0,24.5,Southern Europe
ES,2015,757.0,22.1,Southern Europe
ES,2016,764.0,19.6,Southern Europe
ES,2017,826.0,17.2,Southern Europe
ES,2018,859.0,15.3,Southern Europe
ES,2019,1050.0,14.1,Southern Europe
ES,2020,1108.0,15.5,Southern Europe
ES,2021,1108.0,14.9,Southern Europe
ES,2022,1126.0,13.0,Southern Europe
ES,2023,1167.0,12.2,Southern Europe
ES,2024,1323.0,11.4,Southern Europe
ES,2025,1381.0,10.5,Southern Europe
FR,2003,1154.0,8.5,Western Europe
FR,2004,1215.0,8.9,Western Europe
FR,2005,1286.0,8.9,Western Europe
FR,2006,1218.0,8.9,Western Europe
FR,2007,1254.0,8.0,Western Europe
FR,2008,1280.0,7.4,Western Europe
FR,2009,1321.0,9.1,Western Europe
FR,2010,1344.0,9.3,Western Europe
FR,2011,1365.0,9.2,Western Europe
FR,2012,1398.0,9.8,Western Europe
FR,2013,1430.0,10.3,Western Europe
FR,2014,1445.0,10.3,Western Europe
FR,2015,1458.0,10.3,Western Europe
FR,2016,1467.0,10.1,Western Europe
FR,2017,1480.0,9.4,Western Europe
FR,2018,1498.0,9.0,Western Europe
FR,2019,1521.0,8.4,Western Europe
FR,2020,1539.0,8.0,Western Europe
FR,2021,1555.0,7.9,Western Europe
FR,2022,1603.0,7.3,Western Europe
FR,2023,1709.0,7.3,Western Europe
FR,2024,1767.0,7.4,Western Europe
FR,2025,1802.0,7.7,Western Europe
HR,2009,373.0,9.1,Southern Europe
HR,2010,385.0,11.7,Southern Europe
HR,2011,381.0,13.6,Southern Europe
HR,2012,373.0,16.1,Southern Europe
HR,2013,372.0,17.3,Southern Europe
HR,2014,396.0,17.3,Southern Europe
HR,2015,396.0,16.2,Southern Europe
HR,2016,408.0,13.0,Southern Europe
HR,2017,433.0,11.1,Southern Europe
HR,2018,462.0,8.3,Southern Europe
HR,2019,506.0,6.6,Southern Europe
HR,2020,546.0,7.4,Southern Europe
HR,2021,563.0,7.5,Southern Europe
HR,2022,624.0,6.8,Southern Europe
HR,2023,700.0,6.1,Southern Europe
HR,2024,840.0,5.0,Southern Europe
HR,2025,970.0,4.9,Southern Europe
HU,2009,0.9560161238540292,9.7,Eastern Europe
HU,2010,0.9873675039930303,10.8,Eastern Europe
HU,2011,1.0058345563231557,10.7,Eastern Europe
HU,2012,1.0233362143474503,10.7,Eastern Europe
HU,2013,1.128440057937818,9.8,Eastern Europe
HU,2014,1.1078358329824107,7.5,Eastern Europe
HU,2015,1.0741935483870968,6.6,Eastern Europe
HU,2016,1.1270228615463653,5.0,Eastern Europe
HU,2017,1.3325139881626185,4.0,Eastern Europe
HU,2018,1.3954655210260591,3.6,Eastern Europe
HU,2019,1.4263756532431602,3.3,Eastern Europe
HU,2020,1.3864768683274022,4.1,Eastern Europe
HU,2021,1.2328461452638626,4.0,Eastern Europe
HU,2022,1.3851619003807916,3.6,Eastern Europe
HU,2023,1.5163022129108288,4.1,Eastern Europe
HU,2024,1.7632178092587907,4.5,Eastern Europe
HU,2025,1.7774090554843252,4.4,Eastern Europe
IE,2009,1462.0,12.6,Western Europe
IE,2010,1462.0,14.6,Western Europe
IE,2011,1462.0,15.4,Western Europe
IE,2012,1462.0,15.5,Western Europe
IE,2013,1462.0,13.8,Western Europe
IE,2014,1462.0,11.9,Western Europe
IE,2015,1462.0,9.9,Western Europe
IE,2016,1546.0,8.4,Western Europe
IE,2017,1563.0,6.7,Western Europe
IE,2018,1614.0,5.8,Western Europe
IE,2019,1656.0,5.0,Western Europe
IE,2020,1656.0,5.9,Western Europe
IE,2021,1724.0,6.2,Western Europe
IE,2022,1775.0,4.5,Western Europe
IE,2023,1910.0,4.3,Western Europe
IE,2024,2146.0,4.3,Western Europe
IE,2025,2282.0,4.7,Western Europe
LT,2009,232.0,13.8,Northern Europe
LT,2010,232.0,17.8,Northern Europe
LT,2011,232.0,15.4,Northern Europe
LT,2012,232.0,13.4,Northern Europe
LT,2013,290.0,11.8,Northern Europe
LT,2014,290.0,10.7,Northern Europe
LT,2015,300.0,9.1,Northern Europe
LT,2016,350.0,7.9,Northern Europe
LT,2017,380.0,7.1,Northern Europe
LT,2018,400.0,6.2,Northern Europe
LT,2019,555.0,6.3,Northern Europe
LT,2020,607.0,8.5,Northern Europe
LT,2021,642.0,7.1,Northern Europe
LT,2022,730.0,6.0,Northern Europe
LT,2023,840.0,6.9,Northern Europe
LT,2024,924.0,7.1,Northern Europe
LT,2025,1038.0,6.9,Northern Europe
LU,2009,1642.0,5.1,Western Europe
LU,2010,1683.0,4.4,Western Europe
LU,2011,1758.0,4.9,Western Europe
LU,2012,1801.0,5.1,Western Europe
LU,2013,1874.0,5.9,Western Europe
LU,2014,1921.0,5.9,Western Europe
LU,2015,1923.0,6.7,Western Europe
LU,2016,1923.0,6.3,Western Europe
LU,2017,1999.0,5.5,Western Europe
LU,2018,1999.0,5.6,Western Europe
LU,2019,2090.0,5.6,Western Europe
LU,2020,2142.0,6.8,Western Europe
LU,2021,2202.0,5.3,Western Europe
LU,2022,2257.0,4.6,Western Europe
LU,2023,2387.0,5.2,Western Europe
LU,2024,2571.0,6.4,Western Europe
LU,2025,2638.0,6.5,Western Europe
LV,2009,254.0,17.7,Northern Europe
LV,2010,254.0,19.7,Northern Europe
LV,2011,282.0,16.3,Northern Europe
LV,2012,286.0,15.1,Northern Europe
LV,2013,287.0,11.9,Northern Europe
LV,2014,320.0,10.9,Northern Europe
LV,2015,360.0,9.9,Northern Europe
LV,2016,370.0,9.7,Northern Europe
LV,2017,380.0,8.7,Northern Europe
LV,2018,430.0,7.4,Northern Europe
LV,2019,430.0,6.3,Northern Europe
LV,2020,430.0,8.1,Northern Europe
LV,2021,500.0,7.6,Northern Europe
LV,2022,500.0,6.9,Northern Europe
LV,2023,620.0,6.5,Northern Europe
LV,2024,700.0,6.9,Northern Europe
LV,2025,740.0,6.9,Northern Europe
ME,2014,288.0,18.0,Other
ME,2015,288.0,17.6,Other
ME,2016,288.0,17.8,Other
ME,2017,288.0,16.1,Other
ME,2018,288.0,15.2,Other
ME,2019,288.0,15.2,Other
ME,2020,331.0,17.9,Other
MK,2013,3.231306324592027,29.0,Eastern Europe
MK,2014,3.4726504436554353,28.0,Eastern Europe
MK,2015,3.473405723004009,26.1,Eastern Europe
MK,2016,3.685334155904246,23.7,Eastern Europe
MK,2017,3.913945175534757,22.4,Eastern Europe
MK,2018,4.535737219869455,20.8,Eastern Europe
MK,2019,4.747504308522745,17.3,Eastern Europe
MK,2020,5.561401602915925,16.4,Eastern Europe
MK,2021,5.727172431695762,15.5,Eastern Europe
MK,2022,5.825765787987563,14.4,Eastern Europe
MK,2023,6.985202741448406,13.1,Eastern Europe
MK,2024,7.86780782391716,12.3,Eastern Europe
MK,2025,8.800272775982725,11.5,Eastern Europe
MT,2009,635.0,6.9,Southern Europe
MT,2010,660.0,6.9,Southern Europe
MT,2011,665.0,6.4,Southern Europe
MT,2012,685.0,6.2,Southern Europe
MT,2013,703.0,6.1,Southern Europe
MT,2014,718.0,5.7,Southern Europe
MT,2015,720.0,5.4,Southern Europe
MT,2016,728.0,4.7,Southern Europe
MT,2017,736.0,4.0,Southern Europe
MT,2018,748.0,4.0,Southern Europe
MT,2019,762.0,4.1,Southern Europe
MT,2020,777.0,4.9,Southern Europe
MT,2021,785.0,3.8,Southern Europe
MT,2022,792.0,3.5,Southern Europe
MT,2023,835.0,3.5,Southern Europe
MT,2024,925.0,3.2,Southern Europe
MT,2025,961.0,3.1,Southern Europe
NL,2009,1381.0,5.4,Western Europe
NL,2010,1408.0,6.1,Western Europe
NL,2011,1424.0,6.0,Western Europe
NL,2012,1447.0,6.8,Western Europe
NL,2013,1469.0,8.2,Western Europe
NL,2014,1486.0,8.4,Western Europe
NL,2015,1502.0,7.9,Western Europe
NL,2016,1525.0,7.0,Western Europe
NL,2017,1552.0,5.9,Western Europe
NL,2018,1578.0,4.9,Western Europe
NL,2019,1616.0,4.4,Western Europe
NL,2020,1654.0,4.9,Western Europe
NL,2021,1685.0,4.2,Western Europe
NL,2022,1725.0,3.5,Western Europe
NL,2023,1934.0,3.6,Western Europe
NL,2024,2070.0,3.7,Western Europe
NL,2025,2193.0,3.9,Western Europe
PL,2009,307.0,8.5,Eastern Europe
PL,2010,321.0,10.0,Eastern Europe
PL,2011,349.0,10.0,Eastern Europe
PL,2012,336.0,10.4,Eastern Europe
PL,2013,393.0,10.6,Eastern Europe
PL,2014,404.0,9.2,Eastern Europe
PL,2015,410.0,7.7,Eastern Europe
PL,2016,434.0,6.3,Eastern Europe
PL,2017,453.0,5.0,Eastern Europe
PL,2018,503.0,3.9,Eastern Europe
PL,2019,523.0,3.3,Eastern Europe
PL,2020,611.0,3.2,Eastern Europe
PL,2021,614.0,3.4,Eastern Europe
PL,2022,655.0,2.9,Eastern Europe
PL,2023,746.0,2.8,Eastern Europe
PL,2024,978.0,2.9,Eastern Europe
PL,2025,1091.0,3.1,Eastern Europe
PT,2009,525.0,11.2,Southern Europe
PT,2010,554.0,12.6,Southern Europe
PT,2011,566.0,13.5,Southern Europe
PT,2012,566.0,16.6,Southern Europe
PT,2013,566.0,17.2,Southern Europe
PT,2014,566.0,14.6,Southern Europe
PT,2015,589.0,13.0,Southern Europe
PT,2016,618.0,11.5,Southern Europe
PT,2017,650.0,9.2,Southern Europe
PT,2018,677.0,7.2,Southern Europe
PT,2019,700.0,6.6,Southern Europe
PT,2020,741.0,7.1,Southern Europe
PT,2021,776.0,6.7,Southern Europe
PT,2022,823.0,6.2,Southern Europe
PT,2023,887.0,6.5,Southern Europe
PT,2024,957.0,6.5,Southern Europe
PT,2025,1015.0,6.0,Southern Europe
RO,2009,149.0,8.4,Eastern Europe
RO,2010,142.0,9.0,Eastern Europe
RO,2011,157.0,9.1,Eastern Europe
RO,2012,162.0,8.7,Eastern Europe
RO,2013,158.0,9.0,Eastern Europe
RO,2014,190.0,8.6,Eastern Europe
RO,2015,218.0,8.4,Eastern Europe
RO,2016,232.0,7.2,Eastern Europe
RO,2017,275.0,6.1,Eastern Europe
RO,2018,408.0,5.3,Eastern Europe
RO,2019,446.0,4.9,Eastern Europe
RO,2020,466.0,6.1,Eastern Europe
RO,2021,458.0,5.6,Eastern Europe
RO,2022,515.0,5.6,Eastern Europe
RO,2023,606.0,5.6,Eastern Europe
RO,2024,663.0,5.4,Eastern Europe
RO,2025,814.0,6.1,Eastern Europe
RS,2010,2.15443828844435,21.1,Eastern Europe
RS,2011,2.0892553423141886,25.0,Eastern Europe
RS,2012,2.03310064643761,26.0,Eastern Europe
RS,2013,2.1124849629077693,24.2,Eastern Europe
RS,2014,2.00330758869964,20.7,Eastern Europe
RS,2015,1.9464470301359698,19.0,Eastern Europe
RS,2016,1.9006172132565613,16.5,Eastern Europe
RS,2017,2.043899331364707,14.6,Eastern Europe
RS,2018,2.4097078250399924,13.8,Eastern Europe
RS,2019,2.61343850443436,11.4,Eastern Europe
RS,2020,2.9257248610918567,9.8,Eastern Europe
RS,2021,3.112951665046401,11.2,Eastern Europe
RS,2022,3.4139630236304135,9.6,Eastern Europe
RS,2023,3.9231974400283836,9.5,Eastern Europe
RS,2024,4.6461932389347576,8.6,Eastern Europe
RS,2025,5.281452800535141,8.7,Eastern Europe
SI,2009,589.0,5.9,Southern Europe
SI,2010,597.0,7.3,Southern Europe
SI,2011,748.0,8.2,Southern Europe
SI,2012,763.0,8.9,Southern Europe
SI,2013,784.0,10.1,Southern Europe
SI,2014,789.0,9.7,Southern Europe
SI,2015,791.0,9.0,Southern Europe
SI,2016,791.0,8.0,Southern Europe
SI,2017,805.0,6.6,Southern Europe
SI,2018,843.0,5.1,Southern Europe
SI,2019,887.0,4.4,Southern Europe
SI,2020,941.0,5.0,Southern Europe
SI,2021,1024.0,4.8,Southern Europe
SI,2022,1074.0,4.0,Southern Europe
SI,2023,1203.0,3.7,Southern Europe
SI,2024,1254.0,3.7,Southern Europe
SI,2025,1278.0,3.9,Southern Europe
SK,2009,296.0,12.0,Eastern Europe
SK,2010,308.0,14.3,Eastern Europe
SK,2011,317.0,13.5,Eastern Europe
SK,2012,327.0,13.9,Eastern Europe
SK,2013,338.0,14.1,Eastern Europe
SK,2014,352.0,13.1,Eastern Europe
SK,2015,380.0,11.5,Eastern Europe
SK,2016,405.0,9.6,Eastern Europe
SK,2017,435.0,8.1,Eastern Europe
SK,2018,480.0,6.5,Eastern Europe
SK,2019,520.0,5.7,Eastern Europe
SK,2020,580.0,6.7,Eastern Europe
SK,2021,623.0,6.8,Eastern Europe
SK,2022,646.0,6.1,Eastern Europe
SK,2023,700.0,5.8,Eastern Europe
SK,2024,750.0,5.3,Eastern Europe
SK,2025,816.0,5.4,Eastern Europe
TR,2009,143.312838056493,12.6,Other
TR,2010,169.2962684698222,10.7,Other
TR,2011,164.68474634271536,8.8,Other
TR,2012,156.90512210935813,8.2,Other
TR,2013,164.19972370238798,8.8,Other
TR,2014,124.54842594185448,9.9,Other
TR,2015,140.14212526855064,10.3,Other
TR,2016,155.2358448239763,10.9,Other
TR,2017,116.24520700868807,10.9,Other
TR,2018,78.14005641501831,10.9,Other
TR,2019,66.3751612192897,13.7,Other
TR,2020,54.62649136528983,13.2,Other
TR,2021,37.38442220615654,12.0,Other
TR,2022,18.84104590781674,10.5,Other
TR,2023,19.448984266121112,9.4,Other
TR,2024,17.231976701692837,8.8,Other
TR,2025,15.797894060393475,8.4,Other
BE,2009,1388.0,8.0,Western Europe
BE,2010,1388.0,8.4,Western Europe
BE,2011,1415.0,7.2,Western Europe
BE,2012,1444.0,7.6,Western Europe
BE,2013,1502.0,8.6,Western Europe
BE,2014,1502.0,8.7,Western Europe
BE,2015,1502.0,8.7,Western Europe
BE,2016,1502.0,7.9,Western Europe
BE,2017,1532.0,7.2,Western Europe
BE,2018,1563.0,6.0,Western Europe
BE,2019,1594.0,5.5,Western Europe
BE,2020,1594.0,5.8,Western Europe
BE,2021,1626.0,6.3,Western Europe
BE,2022,1658.0,5.6,Western Europe
BE,2023,1955.0,5.5,Western Europe
BE,2024,1994.0,5.7,Western Europe
BE,2025,2070.0,6.2,Western Europe
BG,2009,123.0,7.9,Eastern Europe
BG,2010,123.0,11.3,Eastern Europe
BG,2011,123.0,12.3,Eastern Europe
BG,2012,138.0,13.3,Eastern Europe
BG,2013,159.0,13.9,Eastern Europe
BG,2014,174.0,12.4,Eastern Europe
BG,2015,184.0,10.1,Eastern Europe
BG,2016,215.0,8.6,Eastern Europe
BG,2017,235.0,7.2,Eastern Europe
BG,2018,261.0,6.2,Eastern Europe
BG,2019,286.0,5.2,Eastern Europe
BG,2020,312.0,6.1,Eastern Europe
BG,2021,332.0,5.2,Eastern Europe
BG,2022,332.0,4.2,Eastern Europe
BG,2023,399.0,4.3,Eastern Europe
BG,2024,477.0,4.2,Eastern Europe
BG,2025,551.0,3.5,Eastern Europe
CY,2023,940.0,5.8,Southern Europe
CY,2024,1000.0,4.9,Southern Europe
CY,2025,1000.0,4.4,Southern Europe
CZ,2009,302.62909022129753,6.7,Eastern Europe
CZ,2010,316.40563202025,7.3,Eastern Europe
CZ,2011,325.3355022366816,6.7,Eastern Europe
CZ,2012,318.10409956658316,7.0,Eastern Europe
CZ,2013,307.92917628945344,7.0,Eastern Europe
CZ,2014,308.6868099941894,6.1,Eastern Europe
CZ,2015,337.2557645074966,5.1,Eastern Europe
CZ,2016,366.2055189761042,4.0,Eastern Europe
CZ,2017,417.8378789029856,2.9,Eastern Europe
CZ,2018,475.68916442468907,2.2,Eastern Europe
CZ,2019,520.0623295675886,2.0,Eastern Europe
CZ,2020,551.8805518805519,2.6,Eastern Europe
CZ,2021,592.8237129485179,2.8,Eastern Europe
CZ,2022,659.4480175852805,2.2,Eastern Europe
CZ,2023,720.7132144642559,2.6,Eastern Europe
CZ,2024,752.3885350318471,2.6,Eastern Europe
CZ,2025,842.5145819831497,2.8,Eastern Europe
DE,2015,1444.0,4.4,Western Europe
DE,2016,1444.0,3.9,Western Europe
DE,2017,1506.0,3.5,Western Europe
DE,2018,1506.0,3.2,Western Europe
DE,2019,1561.0,2.9,Western Europe
DE,2020,1544.0,3.6,Western Europe
DE,2021,1585.0,3.6,Western Europe
DE,2022,1634.0,3.1,Western Europe
DE,2023,1997.0,3.1,Western Europe
DE,2024,2054.0,3.4,Western Europe
DE,2025,2161.0,3.8,Western Europe
EE,2009,278.0,13.5,Northern Europe
EE,2010,278.0,16.6,Northern Europe
EE,2011,278.0,12.3,Northern Europe
EE,2012,290.0,9.9,Northern Europe
EE,2013,320.0,8.6,Northern Europe
EE,2014,355.0,7.3,Northern Europe
EE,2015,390.0,6.4,Northern Europe
EE,2016,430.0,6.8,Northern Europe
EE,2017,470.0,5.8,Northern Europe
EE,2018,500.0,5.4,Northern Europe
EE,2019,540.0,4.5,Northern Europe
EE,2020,584.0,6.9,Northern Europe
EE,2021,584.0,6.2,Northern Europe
EE,2022,654.0,5.6,Northern Europe
EE,2023,725.0,6.4,Northern Europe
EE,2024,820.0,7.6,Northern Europe
EE,2025,886.0,7.5,Northern Europe
EL,2009,818.0,9.8,Southern Europe
EL,2010,863.0,12.9,Southern Europe
EL,2011,863.0,18.1,Southern Europe
EL,2012,877.0,24.8,Southern Europe
EL,2013,684.0,27.8,Southern Europe
EL,2014,684.0,26.6,Southern Europe
EL,2015,684.0,25.0,Southern Europe
EL,2016,684.0,23.9,Southern Europe
EL,2017,684.0,21.8,Southern Europe
EL,2018,684.0,19.7,Southern Europe
EL,2019,684.0,17.9,Southern Europe
EL,2020,758.0,17.6,Southern Europe
EL,2021,758.0,14.7,Southern Europe
EL,2022,774.0,12.5,Southern Europe
EL,2023,832.0,11.1,Southern Europe
EL,2024,910.0,10.1,Southern Europe
EL,2025,968.0,8.9,Southern Europe
ES,2009,728.0,17.9,Southern Europe
ES,2010,739.0,19.9,Southern Europe
ES,2011,748.0,21.4,Southern Europe
ES,2012,748.0,24.8,Southern Europe
ES,2013,753.0,26.1,Southern Europe
ES,2014,753.0,24.5,Southern Europe
ES,2015,757.0,22.1,Southern Europe
ES,2016,764.0,19.6,Southern Europe
ES,2017,826.0,17.2,Southern Europe
ES,2018,859.0,15.3,Southern Europe
ES,2019,1050.0,14.1,Southern Europe
ES,2020,1108.0,15.5,Southern Europe
ES,2021,1108.0,14.9,Southern Europe
ES,2022,1126.0,13.0,Southern Europe
ES,2023,1167.0,12.2,Southern Europe
ES,2024,1323.0,11.4,Southern Europe
ES,2025,1381.0,10.5,Southern Europe
FR,2003,1154.0,8.5,Western Europe
FR,2004,1215.0,8.9,Western Europe
FR,2005,1286.0,8.9,Western Europe
FR,2006,1218.0,8.9,Western Europe
FR,2007,1254.0,8.0,Western Europe
FR,2008,1280.0,7.4,Western Europe
FR,2009,1321.0,9.1,Western Europe
FR,2010,1344.0,9.3,Western Europe
FR,2011,1365.0,9.2,Western Europe
FR,2012,1398.0,9.8,Western Europe
FR,2013,1430.0,10.3,Western Europe
FR,2014,1445.0,10.3,Western Europe
FR,2015,1458.0,10.3,Western Europe
FR,2016,1467.0,10.1,Western Europe
FR,2017,1480.0,9.4,Western Europe
FR,2018,1498.0,9.0,Western Europe
FR,2019,1521.0,8.4,Western Europe
FR,2020,1539.0,8.0,Western Europe
FR,2021,1555.0,7.9,Western Europe
FR,2022,1603.0,7.3,Western Europe
FR,2023,1709.0,7.3,Western Europe
FR,2024,1767.0,7.4,Western Europe
FR,2025,1802.0,7.7,Western Europe
HR,2009,365.0,9.1,Southern Europe
HR,2010,373.0,11.7,Southern Europe
HR,2011,373.0,13.6,Southern Europe
HR,2012,373.0,16.1,Southern Europe
HR,2013,373.0,17.3,Southern Europe
HR,2014,401.0,17.3,Southern Europe
HR,2015,402.0,16.2,Southern Europe
HR,2016,414.0,13.0,Southern Europe
HR,2017,435.0,11.1,Southern Europe
HR,2018,457.0,8.3,Southern Europe
HR,2019,498.0,6.6,Southern Europe
HR,2020,539.0,7.4,Southern Europe
HR,2021,564.0,7.5,Southern Europe
HR,2022,622.0,6.8,Southern Europe
HR,2023,700.0,6.1,Southern Europe
HR,2024,840.0,5.0,Southern Europe
HR,2025,970.0,4.9,Southern Europe
HU,2009,255.05654050583243,9.7,Eastern Europe
HU,2010,266.80702773341073,10.8,Eastern Europe
HU,2011,279.1996277338297,10.7,Eastern Europe
HU,2012,321.5211754537597,10.7,Eastern Europe
HU,2013,330.1108229191228,9.8,Eastern Europe
HU,2014,328.78753522723594,7.5,Eastern Europe
HU,2015,338.7096774193548,6.6,Eastern Europe
HU,2016,356.4089391215001,5.0,Eastern Europe
HU,2017,412.36779973479094,4.0,Eastern Europe
HU,2018,432.75110539684533,3.6,Eastern Europe
HU,2019,458.03873347679064,3.3,Eastern Europe
HU,2020,458.3629893238434,4.1,Eastern Europe
HU,2021,449.06839227937076,4.0,Eastern Europe
HU,2022,511.12985253903753,3.6,Eastern Europe
HU,2023,607.5684169176378,4.1,Eastern Europe
HU,2024,674.9304325828484,4.5,Eastern Europe
HU,2025,731.0757472911482,4.4,Eastern Europe
IE,2009,1462.0,12.6,Western Europe
IE,2010,1462.0,14.6,Western Europe
IE,2011,1462.0,15.4,Western Europe
IE,2012,1462.0,15.5,Western Europe
IE,2013,1462.0,13.8,Western Europe
IE,2014,1462.0,11.9,Western Europe
IE,2015,1462.0,9.9,Western Europe
IE,2016,1546.0,8.4,Western Europe
IE,2017,1563.0,6.7,Western Europe
IE,2018,1614.0,5.8,Western Europe
IE,2019,1656.0,5.0,Western Europe
IE,2020,1656.0,5.9,Western Europe
IE,2021,1724.0,6.2,Western Europe
IE,2022,1775.0,4.5,Western Europe
IE,2023,1910.0,4.3,Western Europe
IE,2024,2146.0,4.3,Western Europe
IE,2025,2282.0,4.7,Western Europe
LT,2009,232.0,13.8,Northern Europe
LT,2010,232.0,17.8,Northern Europe
LT,2011,232.0,15.4,Northern Europe
LT,2012,232.0,13.4,Northern Europe
LT,2013,290.0,11.8,Northern Europe
LT,2014,290.0,10.7,Northern Europe
LT,2015,300.0,9.1,Northern Europe
LT,2016,350.0,7.9,Northern Europe
LT,2017,380.0,7.1,Northern Europe
LT,2018,400.0,6.2,Northern Europe
LT,2019,555.0,6.3,Northern Europe
LT,2020,607.0,8.5,Northern Europe
LT,2021,642.0,7.1,Northern Europe
LT,2022,730.0,6.0,Northern Europe
LT,2023,840.0,6.9,Northern Europe
LT,2024,924.0,7.1,Northern Europe
LT,2025,1038.0,6.9,Northern Europe
LU,2009,1642.0,5.1,Western Europe
LU,2010,1683.0,4.4,Western Europe
LU,2011,1758.0,4.9,Western Europe
LU,2012,1801.0,5.1,Western Europe
LU,2013,1874.0,5.9,Western Europe
LU,2014,1921.0,5.9,Western Europe
LU,2015,1923.0,6.7,Western Europe
LU,2016,1923.0,6.3,Western Europe
LU,2017,1999.0,5.5,Western Europe
LU,2018,1999.0,5.6,Western Europe
LU,2019,2090.0,5.6,Western Europe
LU,2020,2142.0,6.8,Western Europe
LU,2021,2202.0,5.3,Western Europe
LU,2022,2257.0,4.6,Western Europe
LU,2023,2387.0,5.2,Western Europe
LU,2024,2571.0,6.4,Western Europe
LU,2025,2638.0,6.5,Western Europe
LV,2009,256.0,17.7,Northern Europe
LV,2010,256.0,19.7,Northern Europe
LV,2011,285.0,16.3,Northern Europe
LV,2012,285.0,15.1,Northern Europe
LV,2013,285.0,11.9,Northern Europe
LV,2014,320.0,10.9,Northern Europe
LV,2015,360.0,9.9,Northern Europe
LV,2016,370.0,9.7,Northern Europe
LV,2017,380.0,8.7,Northern Europe
LV,2018,430.0,7.4,Northern Europe
LV,2019,430.0,6.3,Northern Europe
LV,2020,430.0,8.1,Northern Europe
LV,2021,500.0,7.6,Northern Europe
LV,2022,500.0,6.9,Northern Europe
LV,2023,620.0,6.5,Northern Europe
LV,2024,700.0,6.9,Northern Europe
LV,2025,740.0,6.9,Northern Europe
ME,2014,288.0,18.0,Other
ME,2015,288.0,17.6,Other
ME,2016,288.0,17.8,Other
ME,2017,288.0,16.1,Other
ME,2018,288.0,15.2,Other
ME,2019,288.0,15.2,Other
ME,2020,331.0,17.9,Other
MK,2013,199.20435170902005,29.0,Eastern Europe
MK,2014,213.22722817585242,28.0,Eastern Europe
MK,2015,213.27360373959198,26.1,Eastern Europe
MK,2016,227.0620418699418,23.7,Eastern Europe
MK,2017,240.52086327663798,22.4,Eastern Europe
MK,2018,278.4845110263934,20.8,Eastern Europe
MK,2019,291.7276363281631,17.3,Eastern Europe
MK,2020,342.2288735648584,16.4,Eastern Europe
MK,2021,353.3000194691414,15.5,Eastern Europe
MK,2022,359.37996975145563,14.4,Eastern Europe
MK,2023,429.21634147569716,13.1,Eastern Europe
MK,2024,483.4312745361001,12.3,Eastern Europe
MK,2025,541.5252723700661,11.5,Eastern Europe
MT,2009,635.0,6.9,Southern Europe
MT,2010,660.0,6.9,Southern Europe
MT,2011,665.0,6.4,Southern Europe
MT,2012,685.0,6.2,Southern Europe
MT,2013,703.0,6.1,Southern Europe
MT,2014,718.0,5.7,Southern Europe
MT,2015,720.0,5.4,Southern Europe
MT,2016,728.0,4.7,Southern Europe
MT,2017,736.0,4.0,Southern Europe
MT,2018,748.0,4.0,Southern Europe
MT,2019,762.0,4.1,Southern Europe
MT,2020,777.0,4.9,Southern Europe
MT,2021,785.0,3.8,Southern Europe
MT,2022,792.0,3.5,Southern Europe
MT,2023,835.0,3.5,Southern Europe
MT,2024,925.0,3.2,Southern Europe
MT,2025,961.0,3.1,Southern Europe
NL,2009,1381.0,5.4,Western Europe
NL,2010,1408.0,6.1,Western Europe
NL,2011,1424.0,6.0,Western Europe
NL,2012,1447.0,6.8,Western Europe
NL,2013,1469.0,8.2,Western Europe
NL,2014,1486.0,8.4,Western Europe
NL,2015,1502.0,7.9,Western Europe
NL,2016,1525.0,7.0,Western Europe
NL,2017,1552.0,5.9,Western Europe
NL,2018,1578.0,4.9,Western Europe
NL,2019,1616.0,4.4,Western Europe
NL,2020,1654.0,4.9,Western Europe
NL,2021,1685.0,4.2,Western Europe
NL,2022,1725.0,3.5,Western Europe
NL,2023,1934.0,3.6,Western Europe
NL,2024,2070.0,3.7,Western Europe
NL,2025,2193.0,3.9,Western Europe
PL,2009,1276.0,8.5,Eastern Europe
PL,2010,1317.0,10.0,Eastern Europe
PL,2011,1386.0,10.0,Eastern Europe
PL,2012,1500.0,10.4,Eastern Europe
PL,2013,1600.0,10.6,Eastern Europe
PL,2014,1680.0,9.2,Eastern Europe
PL,2015,1750.0,7.7,Eastern Europe
PL,2016,1850.0,6.3,Eastern Europe
PL,2017,2000.0,5.0,Eastern Europe
PL,2018,2100.0,3.9,Eastern Europe
PL,2019,2250.0,3.3,Eastern Europe
PL,2020,2600.0,3.2,Eastern Europe
PL,2021,2800.0,3.4,Eastern Europe
PL,2022,3010.0,2.9,Eastern Europe
PL,2023,3490.0,2.8,Eastern Europe
PL,2024,4242.0,2.9,Eastern Europe
PL,2025,4666.0,3.1,Eastern Europe
PT,2009,525.0,11.2,Southern Europe
PT,2010,554.0,12.6,Southern Europe
PT,2011,566.0,13.5,Southern Europe
PT,2012,566.0,16.6,Southern Europe
PT,2013,566.0,17.2,Southern Europe
PT,2014,566.0,14.6,Southern Europe
PT,2015,589.0,13.0,Southern Europe
PT,2016,618.0,11.5,Southern Europe
PT,2017,650.0,9.2,Southern Europe
PT,2018,677.0,7.2,Southern Europe
PT,2019,700.0,6.6,Southern Europe
PT,2020,741.0,7.1,Southern Europe
PT,2021,776.0,6.7,Southern Europe
PT,2022,823.0,6.2,Southern Europe
PT,2023,887.0,6.5,Southern Europe
PT,2024,957.0,6.5,Southern Europe
PT,2025,1015.0,6.0,Southern Europe
RO,2009,600.0,8.4,Eastern Europe
RO,2010,600.0,9.0,Eastern Europe
RO,2011,670.0,9.1,Eastern Europe
RO,2012,700.0,8.7,Eastern Europe
RO,2013,700.0,9.0,Eastern Europe
RO,2014,850.0,8.6,Eastern Europe
RO,2015,975.0,8.4,Eastern Europe
RO,2016,1050.0,7.2,Eastern Europe
RO,2017,1250.0,6.1,Eastern Europe
RO,2018,1900.0,5.3,Eastern Europe
RO,2019,2080.0,4.9,Eastern Europe
RO,2020,2230.0,6.1,Eastern Europe
RO,2021,2230.0,5.6,Eastern Europe
RO,2022,2550.0,5.6,Eastern Europe
RO,2023,3000.0,5.6,Eastern Europe
RO,2024,3300.0,5.4,Eastern Europe
RO,2025,4050.0,6.1,Eastern Europe
RS,2010,206.93282713738233,21.1,Eastern Europe
RS,2011,220.2938297325557,25.0,Eastern Europe
RS,2012,212.7418837296259,26.0,Eastern Europe
RS,2013,240.4697318027982,24.2,Eastern Europe
RS,2014,229.9626617564319,20.7,Eastern Europe
RS,2015,235.48695963317343,19.0,Eastern Europe
RS,2016,230.69756712874405,16.5,Eastern Europe
RS,2017,252.29794448011197,14.6,Eastern Europe
RS,2018,285.8928094318501,13.8,Eastern Europe
RS,2019,308.9287956800201,11.4,Eastern Europe
RS,2020,344.47008233704184,9.8,Eastern Europe
RS,2021,366.10352860726033,11.2,Eastern Europe
RS,2022,401.78343385084816,9.6,Eastern Europe
RS,2023,460.489563868375,9.5,Eastern Europe
RS,2024,544.0487303679118,8.6,Eastern Europe
RS,2025,617.6996073465947,8.7,Eastern Europe
SI,2009,589.0,5.9,Southern Europe
SI,2010,597.0,7.3,Southern Europe
SI,2011,748.0,8.2,Southern Europe
SI,2012,763.0,8.9,Southern Europe
SI,2013,784.0,10.1,Southern Europe
SI,2014,789.0,9.7,Southern Europe
SI,2015,791.0,9.0,Southern Europe
SI,2016,791.0,8.0,Southern Europe
SI,2017,805.0,6.6,Southern Europe
SI,2018,843.0,5.1,Southern Europe
SI,2019,887.0,4.4,Southern Europe
SI,2020,941.0,5.0,Southern Europe
SI,2021,1024.0,4.8,Southern Europe
SI,2022,1074.0,4.0,Southern Europe
SI,2023,1203.0,3.7,Southern Europe
SI,2024,1254.0,3.7,Southern Europe
SI,2025,1278.0,3.9,Southern Europe
SK,2009,296.0,12.0,Eastern Europe
SK,2010,308.0,14.3,Eastern Europe
SK,2011,317.0,13.5,Eastern Europe
SK,2012,327.0,13.9,Eastern Europe
SK,2013,338.0,14.1,Eastern Europe
SK,2014,352.0,13.1,Eastern Europe
SK,2015,380.0,11.5,Eastern Europe
SK,2016,405.0,9.6,Eastern Europe
SK,2017,435.0,8.1,Eastern Europe
SK,2018,480.0,6.5,Eastern Europe
SK,2019,520.0,5.7,Eastern Europe
SK,2020,580.0,6.7,Eastern Europe
SK,2021,623.0,6.8,Eastern Europe
SK,2022,646.0,6.1,Eastern Europe
SK,2023,700.0,5.8,Eastern Europe
SK,2024,750.0,5.3,Eastern Europe
SK,2025,816.0,5.4,Eastern Europe
TR,2009,307.89145208265916,12.6,Other
TR,2010,365.1389932381668,10.7,Other
TR,2011,340.91881255881594,8.8,Other
TR,2012,383.4017722066134,8.2,Other
TR,2013,386.4219459246102,8.8,Other
TR,2014,368.4844314467573,9.9,Other
TR,2015,397.2897041811271,10.3,Other
TR,2016,492.62704513504616,10.9,Other
TR,2017,431.4905596272388,10.9,Other
TR,2018,355.65989803248243,10.9,Other
TR,2019,402.3404322249835,13.7,Other
TR,2020,365.3767365637454,13.2,Other
TR,2021,340.3599558616491,12.0,Other
TR,2022,287.44083452047244,10.5,Other
TR,2023,388.5138413879044,9.4,Other
TR,2024,562.3021695986326,8.8,Other
TR,2025,580.2825323934925,8.4,Other
BE,2009,1243.0,8.0,Western Europe
BE,2010,1247.0,8.4,Western Europe
BE,2011,1272.0,7.2,Western Europe
BE,2012,1295.0,7.6,Western Europe
BE,2013,1343.0,8.6,Western Europe
BE,2014,1351.0,8.7,Western Europe
BE,2015,1351.0,8.7,Western Europe
BE,2016,1325.0,7.9,Western Europe
BE,2017,1341.0,7.2,Western Europe
BE,2018,1363.0,6.0,Western Europe
BE,2019,1387.0,5.5,Western Europe
BE,2020,1403.0,5.8,Western Europe
BE,2021,1408.0,6.3,Western Europe
BE,2022,1411.0,5.6,Western Europe
BE,2023,1666.0,5.5,Western Europe
BE,2024,1711.0,5.7,Western Europe
BE,2025,1776.0,6.2,Western Europe
BG,2009,229.0,7.9,Eastern Europe
BG,2010,232.0,11.3,Eastern Europe
BG,2011,236.0,12.3,Eastern Europe
BG,2012,266.0,13.3,Eastern Europe
BG,2013,313.0,13.9,Eastern Europe
BG,2014,353.0,12.4,Eastern Europe
BG,2015,370.0,10.1,Eastern Europe
BG,2016,433.0,8.6,Eastern Europe
BG,2017,459.0,7.2,Eastern Europe
BG,2018,503.0,6.2,Eastern Europe
BG,2019,534.0,5.2,Eastern Europe
BG,2020,565.0,6.1,Eastern Europe
BG,2021,598.0,5.2,Eastern Europe
BG,2022,573.0,4.2,Eastern Europe
BG,2023,675.0,4.3,Eastern Europe
BG,2024,799.0,4.2,Eastern Europe
BG,2025,923.0,3.5,Eastern Europe
CY,2023,1011.0,5.8,Southern Europe
CY,2024,1078.0,4.9,Southern Europe
CY,2025,1078.0,4.4,Southern Europe
CZ,2009,16.417628144505393,6.7,Eastern Europe
CZ,2010,17.165005537098562,7.3,Eastern Europe
CZ,2011,17.649450996339976,6.7,Eastern Europe
CZ,2012,17.17762137659549,7.0,Eastern Europe
CZ,2013,16.897613548883758,7.0,Eastern Europe
CZ,2014,17.141196978500872,6.1,Eastern Europe
CZ,2015,18.51240881263976,5.1,Eastern Europe
CZ,2016,19.82688466375675,4.0,Eastern Europe
CZ,2017,22.52526019904277,2.9,Eastern Europe
CZ,2018,25.07115842008812,2.2,Eastern Europe
CZ,2019,26.996493961823138,2.0,Eastern Europe
CZ,2020,27.329427329427332,2.6,Eastern Europe
CZ,2021,27.730109204368173,2.8,Eastern Europe
CZ,2022,29.919400797850688,2.2,Eastern Europe
CZ,2023,32.36960506582236,2.6,Eastern Europe
CZ,2024,33.87738853503185,2.6,Eastern Europe
CZ,2025,37.91315618924174,2.8,Eastern Europe
DE,2015,1350.0,4.4,Western Europe
DE,2016,1349.0,3.9,Western Europe
DE,2017,1414.0,3.5,Western Europe
DE,2018,1424.0,3.2,Western Europe
DE,2019,1458.0,2.9,Western Europe
DE,2020,1444.0,3.6,Western Europe
DE,2021,1479.0,3.6,Western Europe
DE,2022,1507.0,3.1,Western Europe
DE,2023,1841.0,3.1,Western Europe
DE,2024,1891.0,3.4,Western Europe
DE,2025,1989.0,3.8,Western Europe
EE,2009,375.0,13.5,Northern Europe
EE,2010,381.0,16.6,Northern Europe
EE,2011,375.0,12.3,Northern Europe
EE,2012,384.0,9.9,Northern Europe
EE,2013,417.0,8.6,Northern Europe
EE,2014,458.0,7.3,Northern Europe
EE,2015,503.0,6.4,Northern Europe
EE,2016,546.0,6.8,Northern Europe
EE,2017,581.0,5.8,Northern Europe
EE,2018,602.0,5.4,Northern Europe
EE,2019,636.0,4.5,Northern Europe
EE,2020,679.0,6.9,Northern Europe
EE,2021,641.0,6.2,Northern Europe
EE,2022,659.0,5.6,Northern Europe
EE,2023,718.0,6.4,Northern Europe
EE,2024,820.0,7.6,Northern Europe
EE,2025,886.0,7.5,Northern Europe
EL,2009,858.0,9.8,Southern Europe
EL,2010,884.0,12.9,Southern Europe
EL,2011,884.0,18.1,Southern Europe
EL,2012,911.0,24.8,Southern Europe
EL,2013,740.0,27.8,Southern Europe
EL,2014,771.0,26.6,Southern Europe
EL,2015,775.0,25.0,Southern Europe
EL,2016,780.0,23.9,Southern Europe
EL,2017,787.0,21.8,Southern Europe
EL,2018,787.0,19.7,Southern Europe
EL,2019,787.0,17.9,Southern Europe
EL,2020,858.0,17.6,Southern Europe
EL,2021,869.0,14.7,Southern Europe
EL,2022,885.0,12.5,Southern Europe
EL,2023,970.0,11.1,Southern Europe
EL,2024,1059.0,10.1,Southern Europe
EL,2025,1127.0,8.9,Southern Europe
ES,2009,735.0,17.9,Southern Europe
ES,2010,741.0,19.9,Southern Europe
ES,2011,749.0,21.4,Southern Europe
ES,2012,754.0,24.8,Southern Europe
ES,2013,773.0,26.1,Southern Europe
ES,2014,782.0,24.5,Southern Europe
ES,2015,798.0,22.1,Southern Europe
ES,2016,802.0,19.6,Southern Europe
ES,2017,872.0,17.2,Southern Europe
ES,2018,891.0,15.3,Southern Europe
ES,2019,1094.0,14.1,Southern Europe
ES,2020,1133.0,15.5,Southern Europe
ES,2021,1173.0,14.9,Southern Europe
ES,2022,1202.0,13.0,Southern Europe
ES,2023,1281.0,12.2,Southern Europe
ES,2024,1456.0,11.4,Southern Europe
ES,2025,1519.0,10.5,Southern Europe
FR,2003,1040.0,8.5,Western Europe
FR,2004,1084.0,8.9,Western Europe
FR,2005,1171.0,8.9,Western Europe
FR,2006,1102.0,8.9,Western Europe
FR,2007,1136.0,8.0,Western Europe
FR,2008,1145.0,7.4,Western Europe
FR,2009,1176.0,9.1,Western Europe
FR,2010,1203.0,9.3,Western Europe
FR,2011,1225.0,9.2,Western Europe
FR,2012,1249.0,9.8,Western Europe
FR,2013,1294.0,10.3,Western Europe
FR,2014,1301.0,10.3,Western Europe
FR,2015,1301.0,10.3,Western Europe
FR,2016,1305.0,10.1,Western Europe
FR,2017,1310.0,9.4,Western Europe
FR,2018,1315.0,9.0,Western Europe
FR,2019,1341.0,8.4,Western Europe
FR,2020,1363.0,8.0,Western Europe
FR,2021,1360.0,7.9,Western Europe
FR,2022,1426.0,7.3,Western Europe
FR,2023,1523.0,7.3,Western Europe
FR,2024,1589.0,7.4,Western Europe
FR,2025,1620.0,7.7,Western Europe
HR,2009,500.0,9.1,Southern Europe
HR,2010,516.0,11.7,Southern Europe
HR,2011,519.0,13.6,Southern Europe
HR,2012,526.0,16.1,Southern Europe
HR,2013,530.0,17.3,Southern Europe
HR,2014,577.0,17.3,Southern Europe
HR,2015,587.0,16.2,Southern Europe
HR,2016,604.0,13.0,Southern Europe
HR,2017,634.0,11.1,Southern Europe
HR,2018,657.0,8.3,Southern Europe
HR,2019,709.0,6.6,Southern Europe
HR,2020,762.0,7.4,Southern Europe
HR,2021,813.0,7.5,Southern Europe
HR,2022,857.0,6.8,Southern Europe
HR,2023,937.0,6.1,Southern Europe
HR,2024,1102.0,5.0,Southern Europe
HR,2025,1272.0,4.9,Southern Europe
HU,2009,1.430456961438305,9.7,Eastern Europe
HU,2010,1.4992013939305937,10.8,Eastern Europe
HU,2011,1.585710706231879,10.7,Eastern Europe
HU,2012,1.777009507346586,10.7,Eastern Europe
HU,2013,1.8223464816249537,9.8,Eastern Europe
HU,2014,1.7686501894982347,7.5,Eastern Europe
HU,2015,1.7806451612903227,6.6,Eastern Europe
HU,2016,1.8334189571024917,5.0,Eastern Europe
HU,2017,2.0246450402665026,4.0,Eastern Europe
HU,2018,2.057135689422685,3.6,Eastern Europe
HU,2019,2.090378112511528,3.3,Eastern Europe
HU,2020,1.9701067615658363,4.1,Eastern Europe
HU,2021,1.8381122392056233,4.0,Eastern Europe
HU,2022,1.9397377903856474,3.6,Eastern Europe
HU,2023,2.1526777530443892,4.1,Eastern Europe
HU,2024,2.3222868707310904,4.5,Eastern Europe
HU,2025,2.5165296528144405,4.4,Eastern Europe
IE,2009,1162.0,12.6,Western Europe
IE,2010,1216.0,14.6,Western Europe
IE,2011,1207.0,15.4,Western Europe
IE,2012,1200.0,15.5,Western Europe
IE,2013,1179.0,13.8,Western Europe
IE,2014,1143.0,11.9,Western Europe
IE,2015,1139.0,9.9,Western Europe
IE,2016,1195.0,8.4,Western Europe
IE,2017,1188.0,6.7,Western Europe
IE,2018,1203.0,5.8,Western Europe
IE,2019,1215.0,5.0,Western Europe
IE,2020,1169.0,5.9,Western Europe
IE,2021,1246.0,6.2,Western Europe
IE,2022,1284.0,4.5,Western Europe
IE,2023,1393.0,4.3,Western Europe
IE,2024,1554.0,4.3,Western Europe
IE,2025,1653.0,4.7,Western Europe
LT,2009,350.0,13.8,Northern Europe
LT,2010,360.0,17.8,Northern Europe
LT,2011,355.0,15.4,Northern Europe
LT,2012,354.0,13.4,Northern Europe
LT,2013,448.0,11.8,Northern Europe
LT,2014,448.0,10.7,Northern Europe
LT,2015,468.0,9.1,Northern Europe
LT,2016,538.0,7.9,Northern Europe
LT,2017,575.0,7.1,Northern Europe
LT,2018,593.0,6.2,Northern Europe
LT,2019,816.0,6.3,Northern Europe
LT,2020,868.0,8.5,Northern Europe
LT,2021,897.0,7.1,Northern Europe
LT,2022,925.0,6.0,Northern Europe
LT,2023,1023.0,6.9,Northern Europe
LT,2024,1132.0,7.1,Northern Europe
LT,2025,1272.0,6.9,Northern Europe
LU,2009,1373.0,5.1,Western Europe
LU,2010,1383.0,4.4,Western Europe
LU,2011,1436.0,4.9,Western Europe
LU,2012,1464.0,5.1,Western Europe
LU,2013,1514.0,5.9,Western Europe
LU,2014,1527.0,5.9,Western Europe
LU,2015,1532.0,6.7,Western Europe
LU,2016,1504.0,6.3,Western Europe
LU,2017,1552.0,5.5,Western Europe
LU,2018,1575.0,5.6,Western Europe
LU,2019,1583.0,5.6,Western Europe
LU,2020,1559.0,6.8,Western Europe
LU,2021,1588.0,5.3,Western Europe
LU,2022,1646.0,4.6,Western Europe
LU,2023,1782.0,5.2,Western Europe
LU,2024,1935.0,6.4,Western Europe
LU,2025,1986.0,6.5,Western Europe
LV,2009,339.0,17.7,Northern Europe
LV,2010,363.0,19.7,Northern Europe
LV,2011,390.0,16.3,Northern Europe
LV,2012,388.0,15.1,Northern Europe
LV,2013,393.0,11.9,Northern Europe
LV,2014,434.0,10.9,Northern Europe
LV,2015,492.0,9.9,Northern Europe
LV,2016,497.0,9.7,Northern Europe
LV,2017,507.0,8.7,Northern Europe
LV,2018,561.0,7.4,Northern Europe
LV,2019,552.0,6.3,Northern Europe
LV,2020,548.0,8.1,Northern Europe
LV,2021,665.0,7.6,Northern Europe
LV,2022,620.0,6.9,Northern Europe
LV,2023,756.0,6.5,Northern Europe
LV,2024,856.0,6.9,Northern Europe
LV,2025,905.0,6.9,Northern Europe
ME,2014,507.0,18.0,Other
ME,2015,513.0,17.6,Other
ME,2016,515.0,17.8,Other
ME,2017,506.0,16.1,Other
ME,2018,501.0,15.2,Other
ME,2019,505.0,15.2,Other
ME,2020,553.0,17.9,Other
MK,2013,6.608752131200779,29.0,Eastern Europe
MK,2014,7.156256288093677,28.0,Eastern Europe
MK,2015,7.190274463975589,26.1,Eastern Europe
MK,2016,7.695367356381554,23.7,Eastern Europe
MK,2017,8.006535151612594,22.4,Eastern Europe
MK,2018,9.07147443973891,20.8,Eastern Europe
MK,2019,9.527525769843592,17.3,Eastern Europe
MK,2020,10.847165225512402,16.4,Eastern Europe
MK,2021,11.713933415536374,15.5,Eastern Europe
MK,2022,11.197154300031807,14.4,Eastern Europe
MK,2023,12.914502742910425,13.1,Eastern Europe
MK,2024,14.337616736973008,12.3,Eastern Europe
MK,2025,16.074298981961064,11.5,Eastern Europe
MT,2009,787.0,6.9,Southern Europe
MT,2010,830.0,6.9,Southern Europe
MT,2011,824.0,6.4,Southern Europe
MT,2012,842.0,6.2,Southern Europe
MT,2013,840.0,6.1,Southern Europe
MT,2014,855.0,5.7,Southern Europe
MT,2015,859.0,5.4,Southern Europe
MT,2016,861.0,4.7,Southern Europe
MT,2017,853.0,4.0,Southern Europe
MT,2018,864.0,4.0,Southern Europe
MT,2019,881.0,4.1,Southern Europe
MT,2020,868.0,4.9,Southern Europe
MT,2021,856.0,3.8,Southern Europe
MT,2022,859.0,3.5,Southern Europe
MT,2023,918.0,3.5,Southern Europe
MT,2024,1010.0,3.2,Southern Europe
MT,2025,1049.0,3.1,Southern Europe
NL,2009,1280.0,5.4,Western Europe
NL,2010,1283.0,6.1,Western Europe
NL,2011,1284.0,6.0,Western Europe
NL,2012,1298.0,6.8,Western Europe
NL,2013,1312.0,8.2,Western Europe
NL,2014,1303.0,8.4,Western Europe
NL,2015,1316.0,7.9,Western Europe
NL,2016,1316.0,7.0,Western Europe
NL,2017,1352.0,5.9,Western Europe
NL,2018,1380.0,4.9,Western Europe
NL,2019,1380.0,4.4,Western Europe
NL,2020,1424.0,4.9,Western Europe
NL,2021,1459.0,4.2,Western Europe
NL,2022,1503.0,3.5,Western Europe
NL,2023,1654.0,3.6,Western Europe
NL,2024,1785.0,3.7,Western Europe
NL,2025,1891.0,3.9,Western Europe
PL,2009,509.0,8.5,Eastern Europe
PL,2010,543.0,10.0,Eastern Europe
PL,2011,572.0,10.0,Eastern Europe
PL,2012,623.0,10.4,Eastern Europe
PL,2013,666.0,10.6,Eastern Europe
PL,2014,691.0,9.2,Eastern Europe
PL,2015,726.0,7.7,Eastern Europe
PL,2016,758.0,6.3,Eastern Europe
PL,2017,800.0,5.0,Eastern Europe
PL,2018,826.0,3.9,Eastern Europe
PL,2019,875.0,3.3,Eastern Europe
PL,2020,991.0,3.2,Eastern Europe
PL,2021,1014.0,3.4,Eastern Europe
PL,2022,1042.0,2.9,Eastern Europe
PL,2023,1139.0,2.8,Eastern Europe
PL,2024,1364.0,2.9,Eastern Europe
PL,2025,1500.0,3.1,Eastern Europe
PT,2009,601.0,11.2,Southern Europe
PT,2010,636.0,12.6,Southern Europe
PT,2011,646.0,13.5,Southern Europe
PT,2012,650.0,16.6,Southern Europe
PT,2013,663.0,17.2,Southern Europe
PT,2014,656.0,14.6,Southern Europe
PT,2015,681.0,13.0,Southern Europe
PT,2016,708.0,11.5,Southern Europe
PT,2017,731.0,9.2,Southern Europe
PT,2018,768.0,7.2,Southern Europe
PT,2019,797.0,6.6,Southern Europe
PT,2020,821.0,7.1,Southern Europe
PT,2021,878.0,6.7,Southern Europe
PT,2022,942.0,6.2,Southern Europe
PT,2023,1022.0,6.5,Southern Europe
PT,2024,1100.0,6.5,Southern Europe
PT,2025,1167.0,6.0,Southern Europe
RO,2009,258.0,8.4,Eastern Europe
RO,2010,260.0,9.0,Eastern Europe
RO,2011,287.0,9.1,Eastern Europe
RO,2012,296.0,8.7,Eastern Europe
RO,2013,290.0,9.0,Eastern Europe
RO,2014,348.0,8.6,Eastern Europe
RO,2015,398.0,8.4,Eastern Europe
RO,2016,435.0,7.2,Eastern Europe
RO,2017,500.0,6.1,Eastern Europe
RO,2018,732.0,5.3,Eastern Europe
RO,2019,790.0,4.9,Eastern Europe
RO,2020,832.0,6.1,Eastern Europe
RO,2021,810.0,5.6,Eastern Europe
RO,2022,863.0,5.6,Eastern Europe
RO,2023,992.0,5.6,Eastern Europe
RO,2024,1042.0,5.4,Eastern Europe
RO,2025,1279.0,6.1,Eastern Europe
RS,2010,3.9109848209147438,21.1,Eastern Europe
RS,2011,3.9529103425005543,25.0,Eastern Europe
RS,2012,3.677260299643677,26.0,Eastern Europe
RS,2013,3.9332879016483573,24.2,Eastern Europe
RS,2014,3.7252996436669905,20.7,Eastern Europe
RS,2015,3.8017837737549365,19.0,Eastern Europe
RS,2016,3.6387885108501687,16.5,Eastern Europe
RS,2017,3.865277364556643,14.6,Eastern Europe
RS,2018,4.329018969896408,13.8,Eastern Europe
RS,2019,4.641398902355828,11.4,Eastern Europe
RS,2020,5.000948309075616,9.8,Eastern Europe
RS,2021,5.222274104749973,11.2,Eastern Europe
RS,2022,5.431691793207491,9.6,Eastern Europe
RS,2023,6.012726511347848,9.5,Eastern Europe
RS,2024,6.892422690846231,8.6,Eastern Europe
RS,2025,7.824058510647374,8.7,Eastern Europe
SI,2009,672.0,5.9,Southern Europe
SI,2010,687.0,7.3,Southern Europe
SI,2011,869.0,8.2,Southern Europe
SI,2012,892.0,8.9,Southern Europe
SI,2013,917.0,10.1,Southern Europe
SI,2014,916.0,9.7,Southern Europe
SI,2015,920.0,9.0,Southern Europe
SI,2016,910.0,8.0,Southern Europe
SI,2017,930.0,6.6,Southern Europe
SI,2018,968.0,5.1,Southern Europe
SI,2019,1021.0,4.4,Southern Europe
SI,2020,1078.0,5.0,Southern Europe
SI,2021,1175.0,4.8,Southern Europe
SI,2022,1216.0,4.0,Southern Europe
SI,2023,1344.0,3.7,Southern Europe
SI,2024,1390.0,3.7,Southern Europe
SI,2025,1417.0,3.9,Southern Europe
SK,2009,402.0,12.0,Eastern Europe
SK,2010,435.0,14.3,Eastern Europe
SK,2011,444.0,13.5,Eastern Europe
SK,2012,455.0,13.9,Eastern Europe
SK,2013,478.0,14.1,Eastern Europe
SK,2014,500.0,13.1,Eastern Europe
SK,2015,538.0,11.5,Eastern Europe
SK,2016,520.0,9.6,Eastern Europe
SK,2017,528.0,8.1,Eastern Europe
SK,2018,568.0,6.5,Eastern Europe
SK,2019,604.0,5.7,Eastern Europe
SK,2020,697.0,6.7,Eastern Europe
SK,2021,756.0,6.8,Eastern Europe
SK,2022,758.0,6.1,Eastern Europe
SK,2023,835.0,5.8,Eastern Europe
SK,2024,885.0,5.3,Eastern Europe
SK,2025,963.0,5.4,Eastern Europe
TR,2009,229.3005408903888,12.6,Other
TR,2010,262.96018031555224,10.7,Other
TR,2011,234.83617075883308,8.8,Other
TR,2012,246.8121893235358,8.2,Other
TR,2013,232.0899940793369,8.8,Other
TR,2014,208.15413727851367,9.9,Other
TR,2015,213.84895058667988,10.3,Other
TR,2016,238.68632787963986,10.9,Other
TR,2017,189.53550453817408,10.9,Other
TR,2018,135.7814881651103,10.9,Other
TR,2019,133.85133222183774,13.7,Other
TR,2020,101.05900902578618,13.2,Other
TR,2021,76.67135953730832,12.0,Other
TR,2022,39.864895914709805,10.5,Other
TR,2023,34.70537312158139,9.4,Other
TR,2024,29.853767140616302,8.8,Other
